,year,id_exercise,yearly_collectivity_id,id_collectivity,collectivity_type,collectivity_name,collectivity_conformity,linked_municipality_name,code_insee,zip_code,code_department,id_linked_municipality,id_municipality,id_competence,name_competence,id_service,service_conformity,member_type,id_rpqs,link,rpqs_type,file_name,mime_type,compression,id_lot_spea,status_lot,last_rpqs_date,document_reference_type,document_reference_date
0,2022,281,429923,181861,Municipality,Abergement-Clémenciat,NotVerified,L' Abergement-Clémenciat,01001,01400,01,286,286,2,assainissement collectif,182247,NotVerified,member,,,,,,,771477,WaitingForInput,,NO_DOCUMENT_PROVIDED,
1,2023,301,453139,181861,Municipality,Abergement-Clémenciat,Valid,L' Abergement-Clémenciat,01001,01400,01,286,286,2,assainissement collectif,182247,Valid,member,,,,,,,795312,Published,2024-10-09 15:52:49.540,NO_DOCUMENT_PROVIDED,
2,2013,101,179061,181861,Municipality,ABERGEMENT-CLEMENCIAT,NotVerified,L' Abergement-Clémenciat,01001,01400,01,286,286,2,assainissement collectif,182247,NotVerified,member,,,,,,,356302,WaitingForInput,,NO_DOCUMENT_PROVIDED,
3,2020,241,365430,181861,Municipality,ABERGEMENT-CLEMENCIAT,NotVerified,L' Abergement-Clémenciat,01001,01400,01,286,286,2,assainissement collectif,182247,NotVerified,member,,,,,,,633658,WaitingForInput,,NO_DOCUMENT_PROVIDED,
4,2024,361,474742,181861,Municipality,Abergement-Clémenciat,NotVerified,L' Abergement-Clémenciat,01001,01400,01,286,286,2,assainissement collectif,182247,NotVerified,member,,,,,,,835061,WaitingForInput,,NO_DOCUMENT_PROVIDED,
5,2018,201,303427,181861,Municipality,ABERGEMENT-CLEMENCIAT,Valid,L' Abergement-Clémenciat,01001,01400,01,286,286,2,assainissement collectif,182247,Valid,member,,,,,,,532055,Verified,2019-10-31 15:18:58.400,NO_DOCUMENT_PROVIDED,
6,2021,261,402766,181861,Municipality,Abergement-Clémenciat,NotVerified,L' Abergement-Clémenciat,01001,01400,01,286,286,2,assainissement collectif,182247,NotVerified,member,,,,,,,717755,WaitingForInput,,NO_DOCUMENT_PROVIDED,
7,2015,141,179063,181861,Municipality,ABERGEMENT-CLEMENCIAT,NotVerified,L' Abergement-Clémenciat,01001,01400,01,286,286,2,assainissement collectif,182247,NotVerified,member,,,,,,,428396,WaitingForInput,,NO_DOCUMENT_PROVIDED,
8,2016,161,242923,181861,Municipality,ABERGEMENT-CLEMENCIAT,NotVerified,L' Abergement-Clémenciat,01001,01400,01,286,286,2,assainissement collectif,182247,NotVerified,member,,,,,,,462729,WaitingForInput,,NO_DOCUMENT_PROVIDED,
9,2014,121,179062,181861,Municipality,ABERGEMENT-CLEMENCIAT,NotVerified,L' Abergement-Clémenciat,01001,01400,01,286,286,2,assainissement collectif,182247,NotVerified,member,,,,,,,390611,WaitingForInput,,NO_DOCUMENT_PROVIDED,
10,2017,181,268365,181861,Municipality,ABERGEMENT-CLEMENCIAT,Valid,L' Abergement-Clémenciat,01001,01400,01,286,286,2,assainissement collectif,182247,Valid,member,,,,,,,496018,WaitingForInput,,NO_DOCUMENT_PROVIDED,
11,2019,221,339899,181861,Municipality,ABERGEMENT-CLEMENCIAT,NotVerified,L' Abergement-Clémenciat,01001,01400,01,286,286,2,assainissement collectif,182247,NotVerified,member,,,,,,,600769,WaitingForInput,,NO_DOCUMENT_PROVIDED,
12,2024,361,474743,181862,Municipality,L'Abergement-de-Varey,NotVerified,L' Abergement-de-Varey,01002,01640,01,287,287,3,assainissement non collectif,321634,NotVerified,member,,,,,,,859651,WaitingForInput,,NO_DOCUMENT_PROVIDED,
13,2014,121,179070,181862,Municipality,L'Abergement-de-Varey,NotVerified,L' Abergement-de-Varey,01002,01640,01,287,287,3,assainissement non collectif,196932,NotVerified,member,,,,,,,374840,WaitingForInput,,NO_DOCUMENT_PROVIDED,
14,2015,141,179071,181862,Municipality,L'Abergement-de-Varey,NotVerified,L' Abergement-de-Varey,01002,01640,01,287,287,3,assainissement non collectif,196932,NotVerified,member,,,,,,,413198,InputInProgress,,NO_DOCUMENT_PROVIDED,
15,2015,141,179071,181862,Municipality,L'Abergement-de-Varey,NotVerified,L' Abergement-de-Varey,01002,01640,01,287,287,1,eau potable,182248,NotVerified,member,,,,,,,428397,InputInProgress,,NO_DOCUMENT_PROVIDED,
16,2023,301,453140,181862,Municipality,L'Abergement-de-Varey,Valid,L' Abergement-de-Varey,01002,01640,01,287,287,1,eau potable,182248,Valid,member,,,,,,,810624,Verified,,NO_DOCUMENT_PROVIDED,
17,2016,161,242924,181862,Municipality,L'Abergement-de-Varey,NotVerified,L' Abergement-de-Varey,01002,01640,01,287,287,1,eau potable,182248,NotVerified,member,,,,,,,462730,WaitingForInput,,NO_DOCUMENT_PROVIDED,
18,2013,101,179069,181862,Municipality,L'Abergement-de-Varey,NotVerified,L' Abergement-de-Varey,01002,01640,01,287,287,2,assainissement collectif,182249,NotVerified,member,,,,,,,356312,WaitingForInput,,NO_DOCUMENT_PROVIDED,
19,2019,221,339900,181862,Municipality,L'Abergement-de-Varey,Valid,L' Abergement-de-Varey,01002,01640,01,287,287,1,eau potable,182248,Valid,member,,,,,,,591633,Published,,NO_DOCUMENT_PROVIDED,
20,2024,361,474743,181862,Municipality,L'Abergement-de-Varey,NotVerified,L' Abergement-de-Varey,01002,01640,01,287,287,1,eau potable,182248,NotVerified,member,,,,,,,849969,WaitingForInput,,NO_DOCUMENT_PROVIDED,
21,2023,301,453140,181862,Municipality,L'Abergement-de-Varey,Valid,L' Abergement-de-Varey,01002,01640,01,287,287,3,assainissement non collectif,321634,Treated,member,,,,,,,859650,Published,,NO_DOCUMENT_PROVIDED,
22,2014,121,179070,181862,Municipality,L'Abergement-de-Varey,NotVerified,L' Abergement-de-Varey,01002,01640,01,287,287,1,eau potable,182248,NotVerified,member,,,,,,,390612,WaitingForInput,,NO_DOCUMENT_PROVIDED,
23,2020,241,365431,181862,Municipality,L'Abergement-de-Varey,Valid,L' Abergement-de-Varey,01002,01640,01,287,287,1,eau potable,182248,Valid,member,,,,,,,624427,Published,,NO_DOCUMENT_PROVIDED,
24,2013,101,179069,181862,Municipality,L'Abergement-de-Varey,NotVerified,L' Abergement-de-Varey,01002,01640,01,287,287,1,eau potable,182248,NotVerified,member,,,,,,,356646,WaitingForInput,,NO_DOCUMENT_PROVIDED,
25,2017,181,268366,181862,Municipality,L'Abergement-de-Varey,Valid,L' Abergement-de-Varey,01002,01640,01,287,287,1,eau potable,182248,Valid,member,,,,,,,496019,Published,,NO_DOCUMENT_PROVIDED,
26,2022,281,429924,181862,Municipality,L'Abergement-de-Varey,Valid,L' Abergement-de-Varey,01002,01640,01,287,287,1,eau potable,182248,Valid,member,,,,,,,759978,Published,,NO_DOCUMENT_PROVIDED,
27,2013,101,179069,181862,Municipality,L'Abergement-de-Varey,NotVerified,L' Abergement-de-Varey,01002,01640,01,287,287,3,assainissement non collectif,196932,NotVerified,member,,,,,,,356232,WaitingForInput,,NO_DOCUMENT_PROVIDED,
28,2021,261,402767,181862,Municipality,L'Abergement-de-Varey,Valid,L' Abergement-de-Varey,01002,01640,01,287,287,1,eau potable,182248,Valid,member,,,,,,,706593,InputInProgress,,NO_DOCUMENT_PROVIDED,
29,2018,201,303428,181862,Municipality,L'Abergement-de-Varey,Valid,L' Abergement-de-Varey,01002,01640,01,287,287,1,eau potable,182248,Valid,member,,,,,,,523939,InputInProgress,,NO_DOCUMENT_PROVIDED,
30,2024,361,479841,181863,Municipality,Ambérieu-en-Bugey,NotVerified,Ambérieu-en-Bugey,01004,01500,01,288,288,3,assainissement non collectif,326374,NotVerified,member,,,,,,,868751,WaitingForInput,,NO_DOCUMENT_PROVIDED,
31,2023,301,479843,181863,Municipality,Ambérieu-en-Bugey,NotVerified,Ambérieu-en-Bugey,01004,01500,01,288,288,3,assainissement non collectif,326374,NotVerified,member,,,,,,,868750,WaitingForInput,,NO_DOCUMENT_PROVIDED,
32,2013,101,179085,181864,Municipality,Ambérieux-en-Dombes,NotVerified,Ambérieux-en-Dombes,01005,01330,01,289,289,2,assainissement collectif,182251,NotVerified,member,,,,,,,356367,WaitingForInput,,NO_DOCUMENT_PROVIDED,
33,2013,101,179085,181864,Municipality,Ambérieux-en-Dombes,NotVerified,Ambérieux-en-Dombes,01005,01330,01,289,289,3,assainissement non collectif,201815,NotVerified,member,,,,,,,356387,WaitingForInput,,NO_DOCUMENT_PROVIDED,
34,2014,121,179094,181865,Municipality,Ambléon,NotVerified,Ambléon,01006,01300,01,290,290,2,assainissement collectif,182253,NotVerified,member,,,,,,,388387,WaitingForInput,,NO_DOCUMENT_PROVIDED,
35,2018,201,303430,181865,Municipality,Ambléon,Valid,Ambléon,01006,01300,01,290,290,2,assainissement collectif,182253,Valid,member,,,,,,,519864,InputInProgress,,NO_DOCUMENT_PROVIDED,
36,2022,281,429925,181865,Municipality,Ambléon,Valid,Ambléon,01006,01300,01,290,290,1,eau potable,182252,NotVerified,member,,,,,,,757274,InputInProgress,,NO_DOCUMENT_PROVIDED,
37,2019,221,339902,181865,Municipality,Ambléon,Valid,Ambléon,01006,01300,01,290,290,1,eau potable,182252,Valid,member,,,,,,,588435,WaitingForInput,,NO_DOCUMENT_PROVIDED,
38,2019,221,339902,181865,Municipality,Ambléon,Valid,Ambléon,01006,01300,01,290,290,2,assainissement collectif,182253,NotVerified,member,,,,,,,587747,WaitingForInput,,NO_DOCUMENT_PROVIDED,
39,2016,161,242927,181865,Municipality,Ambléon,NotVerified,Ambléon,01006,01300,01,290,290,2,assainissement collectif,182253,NotVerified,member,,,,,,,460615,WaitingForInput,,NO_DOCUMENT_PROVIDED,
40,2016,161,242927,181865,Municipality,Ambléon,NotVerified,Ambléon,01006,01300,01,290,290,1,eau potable,182252,NotVerified,member,,,,,,,462731,WaitingForInput,,NO_DOCUMENT_PROVIDED,
41,2015,141,179095,181865,Municipality,Ambléon,NotVerified,Ambléon,01006,01300,01,290,290,1,eau potable,182252,NotVerified,member,,,,,,,428398,WaitingForInput,,NO_DOCUMENT_PROVIDED,
42,2015,141,179095,181865,Municipality,Ambléon,NotVerified,Ambléon,01006,01300,01,290,290,2,assainissement collectif,182253,NotVerified,member,,,,,,,426260,WaitingForInput,,NO_DOCUMENT_PROVIDED,
43,2014,121,179094,181865,Municipality,Ambléon,NotVerified,Ambléon,01006,01300,01,290,290,1,eau potable,182252,NotVerified,member,,,,,,,390614,InputInProgress,,NO_DOCUMENT_PROVIDED,
44,2020,241,365433,181865,Municipality,Ambléon,NotVerified,Ambléon,01006,01300,01,290,290,1,eau potable,182252,NotVerified,member,,,,,,,621243,WaitingForInput,,NO_DOCUMENT_PROVIDED,
45,2013,101,179093,181865,Municipality,Ambléon,NotVerified,Ambléon,01006,01300,01,290,290,2,assainissement collectif,182253,NotVerified,member,,,,,,,356332,InputInProgress,,NO_DOCUMENT_PROVIDED,
46,2020,241,365433,181865,Municipality,Ambléon,NotVerified,Ambléon,01006,01300,01,290,290,2,assainissement collectif,182253,NotVerified,member,,,,,,,620561,WaitingForInput,,NO_DOCUMENT_PROVIDED,
47,2022,281,429925,181865,Municipality,Ambléon,Valid,Ambléon,01006,01300,01,290,290,2,assainissement collectif,182253,Valid,member,,,,,,,756705,InputInProgress,,NO_DOCUMENT_PROVIDED,
48,2021,261,402768,181865,Municipality,Ambléon,NotVerified,Ambléon,01006,01300,01,290,290,2,assainissement collectif,182253,NotVerified,member,,,,,,,703194,WaitingForInput,,NO_DOCUMENT_PROVIDED,
49,2021,261,402768,181865,Municipality,Ambléon,NotVerified,Ambléon,01006,01300,01,290,290,1,eau potable,182252,NotVerified,member,,,,,,,703793,WaitingForInput,,NO_DOCUMENT_PROVIDED,
50,2017,181,268368,181865,Municipality,Ambléon,NotVerified,Ambléon,01006,01300,01,290,290,2,assainissement collectif,182253,NotVerified,member,,,,,,,493904,WaitingForInput,,NO_DOCUMENT_PROVIDED,
51,2017,181,268368,181865,Municipality,Ambléon,NotVerified,Ambléon,01006,01300,01,290,290,1,eau potable,182252,NotVerified,member,,,,,,,496020,WaitingForInput,,NO_DOCUMENT_PROVIDED,
52,2018,201,303430,181865,Municipality,Ambléon,Valid,Ambléon,01006,01300,01,290,290,1,eau potable,182252,NotVerified,member,,,,,,,520575,WaitingForInput,,NO_DOCUMENT_PROVIDED,
53,2013,101,179093,181865,Municipality,Ambléon,NotVerified,Ambléon,01006,01300,01,290,290,1,eau potable,182252,NotVerified,member,,,,,,,356668,WaitingForInput,,NO_DOCUMENT_PROVIDED,
54,2023,301,479862,181866,Municipality,Ambronay,NotVerified,Ambronay,01007,01500,01,291,291,3,assainissement non collectif,326394,NotVerified,member,,,,,,,868770,WaitingForInput,,NO_DOCUMENT_PROVIDED,
55,2024,361,479861,181866,Municipality,Ambronay,NotVerified,Ambronay,01007,01500,01,291,291,3,assainissement non collectif,326394,NotVerified,member,,,,,,,868771,WaitingForInput,,NO_DOCUMENT_PROVIDED,
56,2023,301,479881,181867,Municipality,Ambutrix,NotVerified,Ambutrix,01008,01500,01,292,292,3,assainissement non collectif,326414,NotVerified,member,,,,,,,868791,WaitingForInput,,NO_DOCUMENT_PROVIDED,
57,2024,361,479882,181867,Municipality,Ambutrix,NotVerified,Ambutrix,01008,01500,01,292,292,3,assainissement non collectif,326414,NotVerified,member,,,,,,,868792,WaitingForInput,,NO_DOCUMENT_PROVIDED,
58,2016,161,242930,181868,Municipality,Andert-et-Condon,NotVerified,Andert-et-Condon,01009,01300,01,293,293,2,assainissement collectif,182256,NotVerified,member,,,,,,,462732,WaitingForInput,,NO_DOCUMENT_PROVIDED,
59,2021,261,402769,181868,Municipality,Andert-et-Condon,NotVerified,Andert-et-Condon,01009,01300,01,293,293,2,assainissement collectif,182256,NotVerified,member,,,,,,,724614,WaitingForInput,,NO_DOCUMENT_PROVIDED,
60,2019,221,339903,181868,Municipality,Andert-et-Condon,NotVerified,Andert-et-Condon,01009,01300,01,293,293,2,assainissement collectif,182256,NotVerified,member,,,,,,,608606,WaitingForInput,,NO_DOCUMENT_PROVIDED,
61,2017,181,268370,181868,Municipality,Andert-et-Condon,NotVerified,Andert-et-Condon,01009,01300,01,293,293,2,assainissement collectif,182256,NotVerified,member,,,,,,,496021,WaitingForInput,,NO_DOCUMENT_PROVIDED,
62,2015,141,179119,181868,Municipality,Andert-et-Condon,NotVerified,Andert-et-Condon,01009,01300,01,293,293,2,assainissement collectif,182256,NotVerified,member,,,,,,,428399,WaitingForInput,,NO_DOCUMENT_PROVIDED,
63,2013,101,179117,181868,Municipality,Andert-et-Condon,NotVerified,Andert-et-Condon,01009,01300,01,293,293,2,assainissement collectif,182256,NotVerified,member,,,,,,,356433,WaitingForInput,,NO_DOCUMENT_PROVIDED,
64,2014,121,179118,181868,Municipality,Andert-et-Condon,NotVerified,Andert-et-Condon,01009,01300,01,293,293,2,assainissement collectif,182256,NotVerified,member,,,,,,,390615,WaitingForInput,,NO_DOCUMENT_PROVIDED,
65,2018,201,303432,181868,Municipality,Andert-et-Condon,NotVerified,Andert-et-Condon,01009,01300,01,293,293,2,assainissement collectif,182256,NotVerified,member,,,,,,,540229,WaitingForInput,,NO_DOCUMENT_PROVIDED,
66,2020,241,365434,181868,Municipality,Andert-et-Condon,NotVerified,Andert-et-Condon,01009,01300,01,293,293,2,assainissement collectif,182256,NotVerified,member,,,,,,,641448,WaitingForInput,,NO_DOCUMENT_PROVIDED,
67,2022,281,429926,181868,Municipality,Andert-et-Condon,NotVerified,Andert-et-Condon,01009,01300,01,293,293,2,assainissement collectif,182256,NotVerified,member,,,,,,,778062,WaitingForInput,,NO_DOCUMENT_PROVIDED,
68,2018,201,297769,181869,Municipality,Anglefort,Valid,Anglefort,01010,01350,01,294,294,1,eau potable,182257,Valid,member,,,,,,,522830,Published,2019-04-05 09:06:24.566,NO_DOCUMENT_PROVIDED,
69,2016,161,242931,181869,Municipality,Anglefort,NotVerified,Anglefort,01010,01350,01,294,294,1,eau potable,182257,NotVerified,member,,,,,,,460616,WaitingForInput,,NO_DOCUMENT_PROVIDED,
70,2017,181,272488,181869,Municipality,Anglefort,Valid,Anglefort,01010,01350,01,294,294,1,eau potable,182257,Valid,member,,,,,,,493905,WaitingForInput,,NO_DOCUMENT_PROVIDED,
71,2023,301,453143,181869,Municipality,Anglefort,Valid,Anglefort,01010,01350,01,294,294,1,eau potable,182257,Valid,member,,,,,,,795263,Published,2024-10-07 10:08:09.722,NO_DOCUMENT_PROVIDED,
72,2020,241,360626,181869,Municipality,Anglefort,Valid,Anglefort,01010,01350,01,294,294,1,eau potable,182257,Valid,member,,,,,,,623369,Published,2021-10-26 09:22:09.793,NO_DOCUMENT_PROVIDED,
73,2022,281,429927,181869,Municipality,Anglefort,Valid,Anglefort,01010,01350,01,294,294,1,eau potable,182257,Valid,member,,,,,,,759078,Published,2023-10-19 12:09:06.890,NO_DOCUMENT_PROVIDED,
74,2015,141,179127,181869,Municipality,Anglefort,NotVerified,Anglefort,01010,01350,01,294,294,1,eau potable,182257,NotVerified,member,,,,,,,426261,InputInProgress,2016-08-16 16:11:08.000,NO_DOCUMENT_PROVIDED,
75,2014,121,179126,181869,Municipality,Anglefort,NotVerified,Anglefort,01010,01350,01,294,294,1,eau potable,182257,NotVerified,member,,,,,,,388388,InputInProgress,2016-06-16 10:52:30.000,NO_DOCUMENT_PROVIDED,
76,2021,261,402770,181869,Municipality,Anglefort,Valid,Anglefort,01010,01350,01,294,294,1,eau potable,182257,Valid,member,,,,,,,705659,Published,2022-09-14 08:56:19.313,NO_DOCUMENT_PROVIDED,
77,2013,101,179125,181869,Municipality,Anglefort,NotVerified,Anglefort,01010,01350,01,294,294,1,eau potable,182257,NotVerified,member,,,,,,,356722,InputInProgress,,NO_DOCUMENT_PROVIDED,
78,2019,221,335004,181869,Municipality,Anglefort,Valid,Anglefort,01010,01350,01,294,294,1,eau potable,182257,Valid,member,,,,,,,590574,Published,2020-10-14 11:31:51.542,NO_DOCUMENT_PROVIDED,
79,2024,361,474745,181869,Municipality,Anglefort,NotVerified,Anglefort,01010,01350,01,294,294,1,eau potable,182257,NotVerified,member,,,,,,,835011,WaitingForInput,,NO_DOCUMENT_PROVIDED,
80,2014,121,179134,181870,Municipality,Arandas,NotVerified,Arandas,01013,01230,01,297,297,2,assainissement collectif,182260,NotVerified,member,,,,,,,390617,WaitingForInput,,NO_DOCUMENT_PROVIDED,
81,2024,361,474746,181870,Municipality,Arandas,NotVerified,Arandas,01013,01230,01,297,297,1,eau potable,182259,NotVerified,member,,,,,,,856960,WaitingForInput,,NO_DOCUMENT_PROVIDED,
82,2024,361,474746,181870,Municipality,Arandas,NotVerified,Arandas,01013,01230,01,297,297,2,assainissement collectif,182260,NotVerified,member,,,,,,,858250,WaitingForInput,,NO_DOCUMENT_PROVIDED,
83,2024,361,474746,181870,Municipality,Arandas,NotVerified,Arandas,01013,01230,01,297,297,3,assainissement non collectif,321574,NotVerified,member,,,,,,,859591,WaitingForInput,,NO_DOCUMENT_PROVIDED,
84,2018,201,303433,181870,Municipality,Arandas,NotVerified,Arandas,01013,01230,01,297,297,1,eau potable,182259,NotVerified,member,,,,,,,531346,InputInProgress,,NO_DOCUMENT_PROVIDED,
85,2020,241,365435,181870,Municipality,Arandas,NotVerified,Arandas,01013,01230,01,297,297,2,assainissement collectif,182260,NotVerified,member,,,,,,,628383,WaitingForInput,,NO_DOCUMENT_PROVIDED,
86,2017,181,268371,181870,Municipality,Arandas,NotVerified,Arandas,01013,01230,01,297,297,1,eau potable,182259,NotVerified,member,,,,,,,496022,WaitingForInput,,NO_DOCUMENT_PROVIDED,
87,2015,141,179135,181870,Municipality,Arandas,Valid,Arandas,01013,01230,01,297,297,2,assainissement collectif,182260,Valid,member,,,,,,,428401,Verified,,NO_DOCUMENT_PROVIDED,
88,2019,221,339904,181870,Municipality,Arandas,Valid,Arandas,01013,01230,01,297,297,2,assainissement collectif,182260,Valid,member,,,,,,,595603,Published,,NO_DOCUMENT_PROVIDED,
89,2014,121,179134,181870,Municipality,Arandas,NotVerified,Arandas,01013,01230,01,297,297,1,eau potable,182259,NotVerified,member,,,,,,,390616,WaitingForInput,,NO_DOCUMENT_PROVIDED,
90,2021,261,402771,181870,Municipality,Arandas,NotVerified,Arandas,01013,01230,01,297,297,1,eau potable,182259,NotVerified,member,,,,,,,717170,WaitingForInput,,NO_DOCUMENT_PROVIDED,
91,2019,221,339904,181870,Municipality,Arandas,Valid,Arandas,01013,01230,01,297,297,1,eau potable,182259,Valid,member,,,,,,,600097,Published,,NO_DOCUMENT_PROVIDED,
92,2021,261,402771,181870,Municipality,Arandas,NotVerified,Arandas,01013,01230,01,297,297,2,assainissement collectif,182260,NotVerified,member,,,,,,,712438,WaitingForInput,,NO_DOCUMENT_PROVIDED,
93,2018,201,303433,181870,Municipality,Arandas,NotVerified,Arandas,01013,01230,01,297,297,2,assainissement collectif,182260,NotVerified,member,,,,,,,528087,WaitingForInput,,NO_DOCUMENT_PROVIDED,
94,2023,301,453144,181870,Municipality,Arandas,Valid,Arandas,01013,01230,01,297,297,1,eau potable,182259,NotVerified,member,,,,,,,817818,WaitingForInput,,NO_DOCUMENT_PROVIDED,
95,2023,301,453144,181870,Municipality,Arandas,Valid,Arandas,01013,01230,01,297,297,3,assainissement non collectif,321574,NotVerified,member,,,,,,,859590,WaitingForInput,,NO_DOCUMENT_PROVIDED,
96,2023,301,453144,181870,Municipality,Arandas,Valid,Arandas,01013,01230,01,297,297,2,assainissement collectif,182260,NotVerified,member,,,,,,,819159,WaitingForInput,,NO_DOCUMENT_PROVIDED,
97,2022,281,429928,181870,Municipality,Arandas,Valid,Arandas,01013,01230,01,297,297,1,eau potable,182259,Valid,member,,,,,,,770918,Verified,,NO_DOCUMENT_PROVIDED,
98,2022,281,429928,181870,Municipality,Arandas,Valid,Arandas,01013,01230,01,297,297,2,assainissement collectif,182260,NotVerified,member,,,,,,,766384,WaitingForInput,,NO_DOCUMENT_PROVIDED,
99,2016,161,242932,181870,Municipality,Arandas,NotVerified,Arandas,01013,01230,01,297,297,2,assainissement collectif,182260,NotVerified,member,,,,,,,462734,WaitingForInput,,NO_DOCUMENT_PROVIDED,
100,2016,161,242932,181870,Municipality,Arandas,NotVerified,Arandas,01013,01230,01,297,297,1,eau potable,182259,NotVerified,member,,,,,,,462733,WaitingForInput,,NO_DOCUMENT_PROVIDED,
101,2013,101,179133,181870,Municipality,Arandas,NotVerified,Arandas,01013,01230,01,297,297,2,assainissement collectif,182260,NotVerified,member,,,,,,,356539,WaitingForInput,,NO_DOCUMENT_PROVIDED,
102,2013,101,179133,181870,Municipality,Arandas,NotVerified,Arandas,01013,01230,01,297,297,1,eau potable,182259,NotVerified,member,,,,,,,356368,WaitingForInput,,NO_DOCUMENT_PROVIDED,
103,2020,241,365435,181870,Municipality,Arandas,NotVerified,Arandas,01013,01230,01,297,297,1,eau potable,182259,NotVerified,member,,,,,,,632986,WaitingForInput,,NO_DOCUMENT_PROVIDED,
104,2017,181,268371,181870,Municipality,Arandas,NotVerified,Arandas,01013,01230,01,297,297,2,assainissement collectif,182260,NotVerified,member,,,,,,,496023,WaitingForInput,,NO_DOCUMENT_PROVIDED,
105,2015,141,179135,181870,Municipality,Arandas,Valid,Arandas,01013,01230,01,297,297,1,eau potable,182259,Valid,member,,,,,,,428400,Verified,,NO_DOCUMENT_PROVIDED,
106,2017,181,268372,181871,Municipality,Arbent,NotVerified,Arbent,01014,01100,01,298,298,2,assainissement collectif,182793,NotVerified,member,,,,,,,497260,WaitingForInput,,NO_DOCUMENT_PROVIDED,
107,2014,121,179142,181871,Municipality,Arbent,NotVerified,Arbent,01014,01100,01,298,298,1,eau potable,182765,NotVerified,member,,,,,,,391902,WaitingForInput,,NO_DOCUMENT_PROVIDED,
108,2014,121,179142,181871,Municipality,Arbent,NotVerified,Arbent,01014,01100,01,298,298,2,assainissement collectif,182793,NotVerified,member,,,,,,,391925,WaitingForInput,,NO_DOCUMENT_PROVIDED,
109,2015,141,179143,181871,Municipality,Arbent,NotVerified,Arbent,01014,01100,01,298,298,1,eau potable,182765,NotVerified,member,,,,,,,436396,WaitingForInput,,NO_DOCUMENT_PROVIDED,
110,2013,101,179141,181871,Municipality,Arbent,NotVerified,Arbent,01014,01100,01,298,298,1,eau potable,182765,NotVerified,member,,,,,,,356215,WaitingForInput,,NO_DOCUMENT_PROVIDED,
111,2015,141,179143,181871,Municipality,Arbent,NotVerified,Arbent,01014,01100,01,298,298,2,assainissement collectif,182793,NotVerified,member,,,,,,,429649,WaitingForInput,,NO_DOCUMENT_PROVIDED,
112,2016,161,242933,181871,Municipality,Arbent,NotVerified,Arbent,01014,01100,01,298,298,1,eau potable,182765,NotVerified,member,,,,,,,463951,WaitingForInput,,NO_DOCUMENT_PROVIDED,
113,2013,101,179141,181871,Municipality,Arbent,NotVerified,Arbent,01014,01100,01,298,298,2,assainissement collectif,182793,NotVerified,member,,,,,,,356298,WaitingForInput,,NO_DOCUMENT_PROVIDED,
114,2016,161,242933,181871,Municipality,Arbent,NotVerified,Arbent,01014,01100,01,298,298,2,assainissement collectif,182793,NotVerified,member,,,,,,,463971,WaitingForInput,,NO_DOCUMENT_PROVIDED,
115,2017,181,268372,181871,Municipality,Arbent,NotVerified,Arbent,01014,01100,01,298,298,1,eau potable,182765,NotVerified,member,,,,,,,497240,WaitingForInput,,NO_DOCUMENT_PROVIDED,
116,2014,121,179150,181872,Municipality,ARBIGNIEU,NotVerified,ARBIGNIEU,01015,01300,01,299,299,2,assainissement collectif,182262,NotVerified,member,,,,,,,390618,WaitingForInput,,NO_DOCUMENT_PROVIDED,
117,2013,101,179149,181872,Municipality,ARBIGNIEU,NotVerified,ARBIGNIEU,01015,01300,01,299,299,2,assainissement collectif,182262,NotVerified,member,,,,,,,356557,WaitingForInput,,NO_DOCUMENT_PROVIDED,
118,2014,121,179150,181872,Municipality,ARBIGNIEU,NotVerified,ARBIGNIEU,01015,01300,01,299,299,1,eau potable,182261,NotVerified,member,,,,,,,388389,WaitingForInput,,NO_DOCUMENT_PROVIDED,
119,2015,141,179151,181872,Municipality,ARBIGNIEU,NotVerified,ARBIGNIEU,01015,01300,01,299,299,2,assainissement collectif,182262,NotVerified,member,,,,,,,428402,WaitingForInput,,NO_DOCUMENT_PROVIDED,
120,2013,101,179149,181872,Municipality,ARBIGNIEU,NotVerified,ARBIGNIEU,01015,01300,01,299,299,1,eau potable,182261,NotVerified,member,,,,,,,356240,WaitingForInput,,NO_DOCUMENT_PROVIDED,
121,2021,261,402773,181874,Municipality,Argis,Valid,Argis,01017,01230,01,301,301,1,eau potable,182264,Valid,member,,,,,,,719505,InputInProgress,,NO_DOCUMENT_PROVIDED,
122,2015,141,179167,181874,Municipality,Argis,NotVerified,Argis,01017,01230,01,301,301,2,assainissement collectif,182265,NotVerified,member,,,,,,,426263,WaitingForInput,,NO_DOCUMENT_PROVIDED,
123,2015,141,179167,181874,Municipality,Argis,NotVerified,Argis,01017,01230,01,301,301,1,eau potable,182264,NotVerified,member,,,,,,,428404,WaitingForInput,,NO_DOCUMENT_PROVIDED,
124,2016,161,242936,181874,Municipality,Argis,NotVerified,Argis,01017,01230,01,301,301,1,eau potable,182264,NotVerified,member,,,,,,,462737,WaitingForInput,,NO_DOCUMENT_PROVIDED,
125,2016,161,242936,181874,Municipality,Argis,NotVerified,Argis,01017,01230,01,301,301,2,assainissement collectif,182265,NotVerified,member,,,,,,,460618,WaitingForInput,,NO_DOCUMENT_PROVIDED,
126,2023,301,453146,181874,Municipality,Argis,NotVerified,Argis,01017,01230,01,301,301,2,assainissement collectif,182265,NotVerified,member,,,,,,,799027,WaitingForInput,,NO_DOCUMENT_PROVIDED,
127,2023,301,453146,181874,Municipality,Argis,NotVerified,Argis,01017,01230,01,301,301,3,assainissement non collectif,321554,NotVerified,member,,,,,,,859570,WaitingForInput,,NO_DOCUMENT_PROVIDED,
128,2023,301,453146,181874,Municipality,Argis,NotVerified,Argis,01017,01230,01,301,301,1,eau potable,182264,NotVerified,member,,,,,,,813598,WaitingForInput,,NO_DOCUMENT_PROVIDED,
129,2024,361,474747,181874,Municipality,Argis,NotVerified,Argis,01017,01230,01,301,301,3,assainissement non collectif,321554,NotVerified,member,,,,,,,859571,WaitingForInput,,NO_DOCUMENT_PROVIDED,
130,2024,361,474747,181874,Municipality,Argis,NotVerified,Argis,01017,01230,01,301,301,1,eau potable,182264,NotVerified,member,,,,,,,852863,WaitingForInput,,NO_DOCUMENT_PROVIDED,
131,2024,361,474747,181874,Municipality,Argis,NotVerified,Argis,01017,01230,01,301,301,2,assainissement collectif,182265,NotVerified,member,,,,,,,838672,WaitingForInput,,NO_DOCUMENT_PROVIDED,
132,2022,281,429930,181874,Municipality,Argis,NotVerified,Argis,01017,01230,01,301,301,1,eau potable,182264,NotVerified,member,,,,,,,773153,InputInProgress,,NO_DOCUMENT_PROVIDED,
133,2022,281,429930,181874,Municipality,Argis,NotVerified,Argis,01017,01230,01,301,301,2,assainissement collectif,182265,NotVerified,member,,,,,,,778104,WaitingForInput,,NO_DOCUMENT_PROVIDED,
134,2020,241,365438,181874,Municipality,Argis,NotVerified,Argis,01017,01230,01,301,301,2,assainissement collectif,182265,NotVerified,member,,,,,,,641494,WaitingForInput,,NO_DOCUMENT_PROVIDED,
135,2020,241,365438,181874,Municipality,Argis,NotVerified,Argis,01017,01230,01,301,301,1,eau potable,182264,NotVerified,member,,,,,,,635669,WaitingForInput,,NO_DOCUMENT_PROVIDED,
136,2018,201,303436,181874,Municipality,Argis,Valid,Argis,01017,01230,01,301,301,2,assainissement collectif,182265,NotVerified,member,,,,,,,540276,WaitingForInput,,NO_DOCUMENT_PROVIDED,
137,2018,201,303436,181874,Municipality,Argis,Valid,Argis,01017,01230,01,301,301,1,eau potable,182264,Valid,member,,,,,,,534187,WaitingForInput,,NO_DOCUMENT_PROVIDED,
138,2014,121,179166,181874,Municipality,Argis,NotVerified,Argis,01017,01230,01,301,301,1,eau potable,182264,NotVerified,member,,,,,,,390620,WaitingForInput,,NO_DOCUMENT_PROVIDED,
139,2014,121,179166,181874,Municipality,Argis,NotVerified,Argis,01017,01230,01,301,301,2,assainissement collectif,182265,NotVerified,member,,,,,,,388390,WaitingForInput,,NO_DOCUMENT_PROVIDED,
140,2017,181,268374,181874,Municipality,Argis,NotVerified,Argis,01017,01230,01,301,301,1,eau potable,182264,NotVerified,member,,,,,,,496026,WaitingForInput,,NO_DOCUMENT_PROVIDED,
141,2017,181,268374,181874,Municipality,Argis,NotVerified,Argis,01017,01230,01,301,301,2,assainissement collectif,182265,NotVerified,member,,,,,,,493907,WaitingForInput,,NO_DOCUMENT_PROVIDED,
142,2013,101,179165,181874,Municipality,Argis,NotVerified,Argis,01017,01230,01,301,301,1,eau potable,182264,NotVerified,member,,,,,,,356605,WaitingForInput,,NO_DOCUMENT_PROVIDED,
143,2013,101,179165,181874,Municipality,Argis,NotVerified,Argis,01017,01230,01,301,301,2,assainissement collectif,182265,NotVerified,member,,,,,,,356266,InputInProgress,2015-08-24 11:55:34.000,NO_DOCUMENT_PROVIDED,
144,2019,221,339907,181874,Municipality,Argis,NotVerified,Argis,01017,01230,01,301,301,2,assainissement collectif,182265,NotVerified,member,,,,,,,608653,WaitingForInput,,NO_DOCUMENT_PROVIDED,
145,2019,221,339907,181874,Municipality,Argis,NotVerified,Argis,01017,01230,01,301,301,1,eau potable,182264,NotVerified,member,,,,,,,602797,WaitingForInput,,NO_DOCUMENT_PROVIDED,
146,2021,261,402773,181874,Municipality,Argis,Valid,Argis,01017,01230,01,301,301,2,assainissement collectif,182265,NotVerified,member,,,,,,,724655,WaitingForInput,,NO_DOCUMENT_PROVIDED,
147,2018,201,297770,181875,Municipality,Armix,NotVerified,Armix,01019,01510,01,302,302,1,eau potable,182266,NotVerified,member,,,,,,,519261,InputInProgress,,NO_DOCUMENT_PROVIDED,
148,2014,121,179174,181875,Municipality,Armix,NotVerified,Armix,01019,01510,01,302,302,1,eau potable,182266,NotVerified,member,,,,,,,390621,WaitingForInput,,NO_DOCUMENT_PROVIDED,
149,2020,241,360627,181875,Municipality,Armix,NotVerified,Armix,01019,01510,01,302,302,1,eau potable,182266,NotVerified,member,,,,,,,619989,WaitingForInput,,NO_DOCUMENT_PROVIDED,
150,2015,141,179175,181875,Municipality,Armix,NotVerified,Armix,01019,01510,01,302,302,1,eau potable,182266,NotVerified,member,,,,,,,428405,InputInProgress,,NO_DOCUMENT_PROVIDED,
151,2017,181,272490,181875,Municipality,Armix,NotVerified,Armix,01019,01510,01,302,302,1,eau potable,182266,NotVerified,member,,,,,,,496027,InputInProgress,,NO_DOCUMENT_PROVIDED,
152,2013,101,179173,181875,Municipality,Armix,NotVerified,Armix,01019,01510,01,302,302,1,eau potable,182266,NotVerified,member,,,,,,,356584,WaitingForInput,,NO_DOCUMENT_PROVIDED,
153,2019,221,335005,181875,Municipality,Armix,Valid,Armix,01019,01510,01,302,302,1,eau potable,182266,Valid,member,,,,,,,587172,Published,2020-12-07 15:51:41.139,NO_DOCUMENT_PROVIDED,
154,2013,101,179173,181875,Municipality,Armix,NotVerified,Armix,01019,01510,01,302,302,3,assainissement non collectif,196935,NotVerified,member,,,,,,,356440,WaitingForInput,,NO_DOCUMENT_PROVIDED,
155,2022,281,429931,181875,Municipality,Armix,NotVerified,Armix,01019,01510,01,302,302,1,eau potable,182266,NotVerified,member,,,,,,,756213,WaitingForInput,,NO_DOCUMENT_PROVIDED,
156,2021,261,402774,181875,Municipality,Armix,NotVerified,Armix,01019,01510,01,302,302,1,eau potable,182266,NotVerified,member,,,,,,,702684,WaitingForInput,,NO_DOCUMENT_PROVIDED,
157,2016,161,242937,181875,Municipality,Armix,NotVerified,Armix,01019,01510,01,302,302,1,eau potable,182266,NotVerified,member,,,,,,,462738,WaitingForInput,,NO_DOCUMENT_PROVIDED,
158,2014,121,179174,181875,Municipality,Armix,NotVerified,Armix,01019,01510,01,302,302,3,assainissement non collectif,196935,NotVerified,member,,,,,,,368127,WaitingForInput,,NO_DOCUMENT_PROVIDED,
159,2013,101,179181,181876,Municipality,Ars-sur-Formans,NotVerified,Ars-sur-Formans,01021,01480,01,303,303,2,assainissement collectif,182268,NotVerified,member,,,,,,,356510,InputInProgress,,NO_DOCUMENT_PROVIDED,
160,2013,101,179181,181876,Municipality,Ars-sur-Formans,NotVerified,Ars-sur-Formans,01021,01480,01,303,303,3,assainissement non collectif,205799,NotVerified,member,,,,,,,356549,WaitingForInput,,NO_DOCUMENT_PROVIDED,
161,2022,281,429932,181877,Municipality,Artemare,NotVerified,Artemare,01022,01510,01,304,304,1,eau potable,182269,NotVerified,member,,,,,,,757578,WaitingForInput,,NO_DOCUMENT_PROVIDED,
162,2017,181,268376,181877,Municipality,Artemare,Valid,Artemare,01022,01510,01,304,304,1,eau potable,182269,Valid,member,,,,,,,493908,Published,2019-04-11 16:18:55.972,NO_DOCUMENT_PROVIDED,
163,2017,181,268376,181877,Municipality,Artemare,Valid,Artemare,01022,01510,01,304,304,2,assainissement collectif,182270,Valid,member,,,,,,,496029,Published,2019-04-11 16:22:26.722,NO_DOCUMENT_PROVIDED,
164,2013,101,179698,181877,Municipality,Artemare,Valid,Artemare,01022,01510,01,304,304,2,assainissement collectif,182270,Valid,member,,,,,,,356516,Published,2018-05-25 15:30:30.941,NO_DOCUMENT_PROVIDED,
165,2013,101,179698,181877,Municipality,Artemare,Valid,Artemare,01022,01510,01,304,304,3,assainissement non collectif,196936,Valid,member,,,,,,,356766,Published,2018-05-25 15:29:41.293,NO_DOCUMENT_PROVIDED,
166,2018,201,303438,181877,Municipality,Artemare,Valid,Artemare,01022,01510,01,304,304,2,assainissement collectif,182270,Valid,member,,,,,,,538477,Published,,NO_DOCUMENT_PROVIDED,
167,2019,221,339909,181877,Municipality,Artemare,NotVerified,Artemare,01022,01510,01,304,304,2,assainissement collectif,182270,NotVerified,member,,,,,,,606928,WaitingForInput,,NO_DOCUMENT_PROVIDED,
168,2016,161,243004,181877,Municipality,Artemare,Valid,Artemare,01022,01510,01,304,304,1,eau potable,182269,Valid,member,,,,,,,460619,Verified,2019-04-11 16:15:53.157,NO_DOCUMENT_PROVIDED,
169,2021,261,402775,181877,Municipality,Artemare,Valid,Artemare,01022,01510,01,304,304,1,eau potable,182269,Valid,member,,,,,,,704098,InputInProgress,,NO_DOCUMENT_PROVIDED,
170,2016,161,243004,181877,Municipality,Artemare,Valid,Artemare,01022,01510,01,304,304,2,assainissement collectif,182270,Valid,member,,,,,,,462740,Published,2019-04-11 16:17:46.536,NO_DOCUMENT_PROVIDED,
171,2020,241,365440,181877,Municipality,Artemare,Valid,Artemare,01022,01510,01,304,304,1,eau potable,182269,Valid,member,,,,,,,621610,Published,2021-06-03 14:06:37.282,NO_DOCUMENT_PROVIDED,
172,2020,241,365440,181877,Municipality,Artemare,Valid,Artemare,01022,01510,01,304,304,2,assainissement collectif,182270,Valid,member,,,,,,,639780,Published,2021-03-26 15:39:21.456,NO_DOCUMENT_PROVIDED,
173,2021,261,402775,181877,Municipality,Artemare,Valid,Artemare,01022,01510,01,304,304,2,assainissement collectif,182270,NotVerified,member,,,,,,,723137,WaitingForInput,,NO_DOCUMENT_PROVIDED,
174,2019,221,339909,181877,Municipality,Artemare,NotVerified,Artemare,01022,01510,01,304,304,1,eau potable,182269,NotVerified,member,,,,,,,588804,WaitingForInput,,NO_DOCUMENT_PROVIDED,
175,2013,101,179698,181877,Municipality,Artemare,Valid,Artemare,01022,01510,01,304,304,1,eau potable,182269,Valid,member,,,,,,,356203,WaitingForInput,2018-05-25 15:31:44.919,NO_DOCUMENT_PROVIDED,
176,2014,121,179699,181877,Municipality,Artemare,Valid,Artemare,01022,01510,01,304,304,1,eau potable,182269,Valid,member,,,,,,,388391,Published,2018-05-25 15:28:24.545,NO_DOCUMENT_PROVIDED,
177,2014,121,179699,181877,Municipality,Artemare,Valid,Artemare,01022,01510,01,304,304,2,assainissement collectif,182270,Valid,member,,,,,,,390624,Published,2018-05-25 15:26:55.071,NO_DOCUMENT_PROVIDED,
178,2015,141,179700,181877,Municipality,Artemare,Valid,Artemare,01022,01510,01,304,304,2,assainissement collectif,182270,Valid,member,,,,,,,428407,Published,2018-04-25 10:07:43.053,NO_DOCUMENT_PROVIDED,
179,2015,141,179700,181877,Municipality,Artemare,Valid,Artemare,01022,01510,01,304,304,1,eau potable,182269,Valid,member,,,,,,,426264,Published,2018-04-25 09:57:51.452,NO_DOCUMENT_PROVIDED,
180,2018,201,303438,181877,Municipality,Artemare,Valid,Artemare,01022,01510,01,304,304,1,eau potable,182269,Valid,member,,,,,,,520965,Published,2019-10-18 13:55:49.243,NO_DOCUMENT_PROVIDED,
181,2022,281,429932,181877,Municipality,Artemare,NotVerified,Artemare,01022,01510,01,304,304,2,assainissement collectif,182270,NotVerified,member,,,,,,,776640,WaitingForInput,,NO_DOCUMENT_PROVIDED,
182,2014,121,179707,181878,Municipality,Attignat,Valid,Attignat,01024,01340,01,306,306,2,assainissement collectif,182271,Valid,member,,,,,,,390625,Published,,NO_DOCUMENT_PROVIDED,
183,2017,181,272491,181878,Municipality,Attignat,Valid,Attignat,01024,01340,01,306,306,2,assainissement collectif,182271,Valid,member,,,,,,,496030,Published,2018-12-10 09:57:34.018,NO_DOCUMENT_PROVIDED,
184,2013,101,179706,181878,Municipality,Attignat,Valid,Attignat,01024,01340,01,306,306,2,assainissement collectif,182271,Valid,member,,,,,,,356480,Published,,NO_DOCUMENT_PROVIDED,
185,2015,141,179708,181878,Municipality,Attignat,Valid,Attignat,01024,01340,01,306,306,2,assainissement collectif,182271,Valid,member,,,,,,,428408,Published,2016-08-25 16:49:09.000,NO_DOCUMENT_PROVIDED,
186,2016,161,243005,181878,Municipality,Attignat,Valid,Attignat,01024,01340,01,306,306,2,assainissement collectif,182271,Valid,member,,,,,,,462741,Published,2018-12-10 09:59:06.194,NO_DOCUMENT_PROVIDED,
187,2017,181,268377,181879,Municipality,Bâgé-la-Ville,Valid,Bâgé-la-Ville,01025,01380,01,307,307,2,assainissement collectif,182272,Valid,member,,,,,,,496031,Published,,NO_DOCUMENT_PROVIDED,
188,2015,141,179716,181879,Municipality,Bâgé-la-Ville,Valid,Bâgé-la-Ville,01025,01380,01,307,307,2,assainissement collectif,182272,Valid,member,,,,,,,428409,Published,,NO_DOCUMENT_PROVIDED,
189,2014,121,179715,181879,Municipality,Bâgé-la-Ville,Valid,Bâgé-la-Ville,01025,01380,01,307,307,2,assainissement collectif,182272,Valid,member,,,,,,,390626,Published,,NO_DOCUMENT_PROVIDED,
190,2016,161,243006,181879,Municipality,Bâgé-la-Ville,Valid,Bâgé-la-Ville,01025,01380,01,307,307,2,assainissement collectif,182272,Valid,member,,,,,,,462742,Published,,NO_DOCUMENT_PROVIDED,
191,2013,101,179714,181879,Municipality,Bâgé-la-Ville,Valid,Bâgé-la-Ville,01025,01380,01,307,307,2,assainissement collectif,182272,Valid,member,,,,,,,356144,Published,,NO_DOCUMENT_PROVIDED,
192,2016,161,243007,181880,Municipality,Bâgé-le-Châtel,Valid,Bâgé-le-Châtel,01026,01380,01,308,308,2,assainissement collectif,182273,Valid,member,,,,,,,460620,Published,2017-12-04 17:20:03.861,NO_DOCUMENT_PROVIDED,
193,2014,121,179723,181880,Municipality,Bâgé-le-Châtel,Valid,Bâgé-le-Châtel,01026,01380,01,308,308,2,assainissement collectif,182273,Valid,member,,,,,,,388392,Published,,NO_DOCUMENT_PROVIDED,
194,2013,101,179722,181880,Municipality,Bâgé-le-Châtel,Valid,Bâgé-le-Châtel,01026,01380,01,308,308,2,assainissement collectif,182273,Valid,member,,,,,,,356451,Published,,NO_DOCUMENT_PROVIDED,
195,2019,221,339910,181880,Municipality,Bâgé-le-Châtel,Valid,Bâgé-le-Châtel,01026,01380,01,308,308,2,assainissement collectif,182273,Valid,member,,,,,,,590757,InputInProgress,2020-11-24 14:42:12.919,NO_DOCUMENT_PROVIDED,
196,2024,361,474750,181880,Municipality,Bâgé-le-Châtel,NotVerified,Bâgé-le-Châtel,01026,01380,01,308,308,2,assainissement collectif,182273,NotVerified,member,,,,,,,843108,WaitingForInput,,NO_DOCUMENT_PROVIDED,
197,2018,201,303440,181880,Municipality,Bâgé-le-Châtel,Valid,Bâgé-le-Châtel,01026,01380,01,308,308,2,assainissement collectif,182273,Valid,member,,,,,,,523016,Published,2019-09-07 09:56:02.019,NO_DOCUMENT_PROVIDED,
198,2017,181,268378,181880,Municipality,Bâgé-le-Châtel,Treated,Bâgé-le-Châtel,01026,01380,01,308,308,2,assainissement collectif,182273,Treated,member,,,,,,,493909,Published,2018-06-27 15:39:03.294,NO_DOCUMENT_PROVIDED,
199,2022,281,429933,181880,Municipality,Bâgé-le-Châtel,Valid,Bâgé-le-Châtel,01026,01380,01,308,308,2,assainissement collectif,182273,Valid,member,,,,,,,759239,InputInProgress,2023-06-20 08:40:02.003,NO_DOCUMENT_PROVIDED,
200,2021,261,402776,181880,Municipality,Bâgé-le-Châtel,Valid,Bâgé-le-Châtel,01026,01380,01,308,308,2,assainissement collectif,182273,Valid,member,,,,,,,705824,InputInProgress,2022-06-14 11:45:15.816,NO_DOCUMENT_PROVIDED,
201,2020,241,365441,181880,Municipality,Bâgé-le-Châtel,Valid,Bâgé-le-Châtel,01026,01380,01,308,308,2,assainissement collectif,182273,Valid,member,,,,,,,623554,InputInProgress,2021-07-20 15:34:51.846,NO_DOCUMENT_PROVIDED,
202,2015,141,179724,181880,Municipality,Bâgé-le-Châtel,Valid,Bâgé-le-Châtel,01026,01380,01,308,308,2,assainissement collectif,182273,Valid,member,,,,,,,426265,Published,2017-01-24 15:21:45.000,NO_DOCUMENT_PROVIDED,
